epoch,loss,lr,mae,mard,mse,rmse,tir_accuracy,val_loss,val_mae,val_mard,val_mse,val_rmse,val_tir_accuracy
0,15407.5908203125,0.01,121.52490234375,99.8218994140625,15407.4580078125,124.12678527832031,0.02500000037252903,14336.576171875,117.04344177246094,99.93941497802734,14336.4375,119.73486328125,0.0
1,15303.439453125,0.01,121.12886047363281,99.51276397705078,15303.2939453125,123.70648193359375,0.02500000037252903,14329.6376953125,117.0112533569336,99.90887451171875,14329.4873046875,119.7058334350586,0.0
2,15158.515625,0.01,120.55439758300781,99.05809783935547,15158.361328125,123.11930084228516,0.02500000037252903,14209.712890625,116.49656677246094,99.44847869873047,14209.5517578125,119.20382690429688,0.0
3,14953.7294921875,0.01,119.71832275390625,98.35191345214844,14953.5654296875,122.28477478027344,0.02500000037252903,14077.740234375,115.92912292480469,98.9422378540039,14077.572265625,118.6489486694336,0.0
4,14685.150390625,0.01,118.5693588256836,97.34859466552734,14684.9765625,121.18158721923828,0.02500000037252903,13848.228515625,114.93592834472656,98.05598449707031,13848.046875,117.67772674560547,0.0
