epoch,loss,lr,mae,mard,mse,rmse,tir_accuracy,val_loss,val_mae,val_mard,val_mse,val_rmse,val_tir_accuracy
0,14606.9150390625,0.001,120.20023345947266,99.98373413085938,14606.4287109375,120.8570556640625,0.0,14024.951171875,117.6220932006836,99.9293441772461,14024.462890625,118.4249267578125,0.0
1,14562.5390625,0.001,120.09283447265625,99.96595764160156,14562.05078125,120.67332458496094,0.0,14007.2900390625,117.55061340332031,99.87118530273438,14006.7998046875,118.35032653808594,0.0
2,14520.4296875,0.001,119.9738540649414,99.93213653564453,14519.9423828125,120.49872589111328,0.0,14006.65234375,117.55191040039062,99.87614440917969,14006.1611328125,118.34762573242188,0.0
