epoch,loss,lr,mae,mard,mse,rmse,tir_accuracy,val_loss,val_mae,val_mard,val_mse,val_rmse,val_tir_accuracy
0,15404.8935546875,0.01,121.5194091796875,99.82695007324219,15404.759765625,124.11591339111328,0.02500000037252903,14311.4658203125,116.93209075927734,99.83647155761719,14311.3251953125,119.62995147705078,0.0
1,15287.283203125,0.01,121.11480712890625,99.54047393798828,15287.134765625,123.64115142822266,0.02500000037252903,14262.359375,116.72126770019531,99.64788818359375,14262.2060546875,119.42447662353516,0.0
