epoch,loss,lr,mae,mard,mse,rmse,tir_accuracy,val_loss,val_mae,val_mard,val_mse,val_rmse,val_tir_accuracy
0,15143.068359375,0.01,120.5372085571289,99.06123352050781,15142.9091796875,123.05652618408203,0.02500000037252903,14110.146484375,116.06640625,99.0622787475586,14109.986328125,118.78546142578125,0.0
1,14957.513671875,0.01,119.70637512207031,98.29670715332031,14957.3466796875,122.30023193359375,0.02500000037252903,13854.7607421875,114.94775390625,98.05207824707031,13854.5888671875,117.70552062988281,0.0
