epoch,loss,lr,mae,mard,mse,rmse,tir_accuracy,val_loss,val_mae,val_mard,val_mse,val_rmse,val_tir_accuracy
0,15379.453125,0.01,121.48042297363281,99.85035705566406,15379.322265625,124.01339721679688,0.02500000037252903,14279.5419921875,116.7981185913086,99.7191390991211,14279.404296875,119.4964599609375,0.0
1,15258.845703125,0.01,120.97123718261719,99.41958618164062,15258.703125,123.526123046875,0.02500000037252903,14190.1953125,116.4146957397461,99.37684631347656,14190.048828125,119.12199401855469,0.0
2,15082.490234375,0.01,120.28104400634766,98.84809112548828,15082.337890625,122.81017303466797,0.02500000037252903,14070.5595703125,115.8975830078125,98.91320037841797,14070.4033203125,118.61872863769531,0.0
