epoch,loss,lr,mae,mard,mse,rmse,tir_accuracy,val_loss,val_mae,val_mard,val_mse,val_rmse,val_tir_accuracy
0,15359.9375,0.01,121.4377670288086,99.85453796386719,15359.806640625,123.93468475341797,0.02500000037252903,14301.8720703125,116.89449310302734,99.80689239501953,14301.736328125,119.5898666381836,0.0
1,15217.2578125,0.01,120.83412170410156,99.32202911376953,15217.119140625,123.3576889038086,0.02500000037252903,14228.484375,116.576171875,99.51777648925781,14228.3388671875,119.28260040283203,0.0
2,15014.888671875,0.01,120.05607604980469,98.71192169189453,15014.7392578125,122.5346450805664,0.02500000037252903,14077.7548828125,115.9224624633789,98.9298095703125,14077.599609375,118.64906311035156,0.0
3,14776.0517578125,0.01,119.0281982421875,97.85200500488281,14775.892578125,121.5561294555664,0.02500000037252903,13894.306640625,115.13419342041016,98.23063659667969,13894.1435546875,117.87342071533203,0.0
4,14430.693359375,0.01,117.7083740234375,96.83191680908203,14430.525390625,120.12712097167969,0.02500000037252903,13562.8486328125,113.69090270996094,96.9463882446289,13562.6748046875,116.45890045166016,0.0
