{
  "epoch": 0,
  "training_history": [
    {
      "loss": 15379.453125,
      "mae": 121.48042297363281,
      "mse": 15379.322265625,
      "rmse": 124.01339721679688,
      "mard": 99.85035705566406,
      "tir_accuracy": 0.02500000037252903,
      "val_loss": 14279.5419921875,
      "val_mae": 116.7981185913086,
      "val_mse": 14279.404296875,
      "val_rmse": 119.4964599609375,
      "val_mard": 99.7191390991211,
      "val_tir_accuracy": 0.0,
      "lr": "0.01",
      "epoch": 0,
      "epoch_time": 6.735687017440796
    }
  ],
  "best_metric_value": 14279.5419921875,
  "best_epoch": 0,
  "wait_count": 0,
  "logs": {
    "loss": 15379.453125,
    "mae": 121.48042297363281,
    "mse": 15379.322265625,
    "rmse": 124.01339721679688,
    "mard": 99.85035705566406,
    "tir_accuracy": 0.02500000037252903,
    "val_loss": 14279.5419921875,
    "val_mae": 116.7981185913086,
    "val_mse": 14279.404296875,
    "val_rmse": 119.4964599609375,
    "val_mard": 99.7191390991211,
    "val_tir_accuracy": 0.0,
    "lr": "0.01"
  }
}