{
  "epoch": 2,
  "training_history": [
    {
      "loss": 15379.453125,
      "mae": 121.48042297363281,
      "mse": 15379.322265625,
      "rmse": 124.01339721679688,
      "mard": 99.85035705566406,
      "tir_accuracy": 0.02500000037252903,
      "val_loss": 14279.5419921875,
      "val_mae": 116.7981185913086,
      "val_mse": 14279.404296875,
      "val_rmse": 119.4964599609375,
      "val_mard": 99.7191390991211,
      "val_tir_accuracy": 0.0,
      "lr": "0.01",
      "epoch": 0,
      "epoch_time": 6.735687017440796
    },
    {
      "loss": 15258.845703125,
      "mae": 120.97123718261719,
      "mse": 15258.703125,
      "rmse": 123.526123046875,
      "mard": 99.41958618164062,
      "tir_accuracy": 0.02500000037252903,
      "val_loss": 14190.1953125,
      "val_mae": 116.4146957397461,
      "val_mse": 14190.048828125,
      "val_rmse": 119.12199401855469,
      "val_mard": 99.37684631347656,
      "val_tir_accuracy": 0.0,
      "lr": "0.01",
      "epoch": 1,
      "epoch_time": 0.22441792488098145
    },
    {
      "loss": 15082.490234375,
      "mae": 120.28104400634766,
      "mse": 15082.337890625,
      "rmse": 122.81017303466797,
      "mard": 98.84809112548828,
      "tir_accuracy": 0.02500000037252903,
      "val_loss": 14070.5595703125,
      "val_mae": 115.8975830078125,
      "val_mse": 14070.4033203125,
      "val_rmse": 118.61872863769531,
      "val_mard": 98.91320037841797,
      "val_tir_accuracy": 0.0,
      "lr": "0.01",
      "epoch": 2,
      "epoch_time": 0.20999884605407715
    }
  ],
  "best_metric_value": 14070.5595703125,
  "best_epoch": 2,
  "wait_count": 0,
  "logs": {
    "loss": 15082.490234375,
    "mae": 120.28104400634766,
    "mse": 15082.337890625,
    "rmse": 122.81017303466797,
    "mard": 98.84809112548828,
    "tir_accuracy": 0.02500000037252903,
    "val_loss": 14070.5595703125,
    "val_mae": 115.8975830078125,
    "val_mse": 14070.4033203125,
    "val_rmse": 118.61872863769531,
    "val_mard": 98.91320037841797,
    "val_tir_accuracy": 0.0,
    "lr": "0.01"
  }
}